size	colour	x	y	fill
1.018	#00C0AF	0.435089445987428	0.876454395409604	#00C0AF
1	#619CFF	0.257467563148779	0.521685453372068	#619CFF
